{
  "joint_importance": {
    "L_Shoulder": 1.0,
    "R_Shoulder": 0.8734763264656067,
    "L_Hip": 0.665181040763855,
    "R_Hip": 0.5657285451889038,
    "L_Knee": 0.8972222208976746,
    "R_Knee": 0.7262502908706665,
    "L_Ankle": 0.6734768152236938,
    "R_Ankle": 0.8095266819000244,
    "L_Heel": 0.7094684839248657,
    "R_Heel": 0.9402527213096619,
    "L_Foot": 0.930526852607727,
    "R_Foot": 0.7655141353607178
  },
  "angle_importance": {
    "L_Knee_Angle": 0.896119236946106,
    "R_Knee_Angle": 0.45104801654815674,
    "L_Hip_Angle": 0.5706386566162109,
    "R_Hip_Angle": 0.5967093706130981,
    "L_Ankle_Angle": 1.0,
    "R_Ankle_Angle": 0.4863451421260834
  },
  "group_importance": {
    "coords": 0.47681600987514317,
    "angles": 0.14917031070874825,
    "velocities": 0.3740136794161086
  },
  "n_samples": 26
}