{
  "CNN-Only": {
    "loss": 0.248499101300249,
    "accuracy": 88.93280632411067,
    "f1": 89.01960784313725,
    "precision": 88.32684824902724,
    "recall": 89.72332015810277,
    "auc": 96.3958193379056,
    "train_accuracy": 93.82929642445214,
    "params": 262658
  },
  "LSTM-Only": {
    "loss": 0.2585754713757707,
    "accuracy": 89.32806324110672,
    "f1": 89.11290322580645,
    "precision": 90.94650205761316,
    "recall": 87.35177865612648,
    "auc": 96.10367292099549,
    "train_accuracy": 94.34832756632065,
    "params": 207042
  },
  "Transformer-Only": {
    "loss": 0.26183338414715684,
    "accuracy": 90.51383399209486,
    "f1": 90.2439024390244,
    "precision": 92.88702928870293,
    "recall": 87.74703557312253,
    "auc": 96.88637535346591,
    "train_accuracy": 93.88696655132641,
    "params": 539970
  },
  "Full Hybrid": {
    "loss": 0.2571832513502935,
    "accuracy": 90.31620553359684,
    "f1": 90.37328094302553,
    "precision": 89.84375,
    "recall": 90.9090909090909,
    "auc": 96.11304660282147,
    "train_accuracy": 91.86851211072664,
    "params": 848614
  }
}